Designator,Mid X,Mid Y,Layer,Rotation
C1,47.0000,-22.0000,top,270.00
C2,63.0000,-22.0000,top,270.00
C4,77.0000,-22.0000,top,270.00
C5,92.0000,-40.0000,top,270.00
C6,58.0000,-40.0000,top,270.00
C7,102.0000,-9.0000,top,0.00
C8,96.0000,-28.0000,top,0.00
C9,86.0000,-50.0000,top,270.00
C10,18.0000,-48.0000,top,0.00
C11,28.0000,-48.0000,top,0.00
C12,52.0000,-56.0000,top,0.00
C13,107.0000,-48.0000,top,270.00
C14,102.0000,-14.0000,top,0.00
D1,92.0000,-50.0000,top,270.00
D2,45.0000,-50.0000,top,270.00
D3,107.0000,-55.0000,top,270.00
FB1,70.0000,-22.0000,top,270.00
J1,6.0000,-54.0000,top,270.00
J2,6.0000,-40.0000,top,270.00
J3,78.0000,-62.0000,top,0.00
J6,58.0000,-62.0000,top,0.00
J7,90.0000,-62.0000,top,0.00
J9,55.0000,-9.0000,top,0.00
J10,10.0000,-63.0000,top,0.00
R1,40.0000,-26.0000,top,270.00
R2,40.0000,-33.0000,top,270.00
R3,82.0000,-32.0000,top,270.00
R4,87.0000,-32.0000,top,270.00
R5,82.0000,-40.0000,top,0.00
R6,104.0000,-18.0000,top,270.00
R7,28.0000,-42.0000,top,0.00
R8,36.0000,-44.0000,top,0.00
R9,68.0000,-50.0000,top,270.00
R10,74.0000,-50.0000,top,270.00
R11,80.0000,-50.0000,top,270.00
R12,55.0000,-50.0000,top,270.00
R13,64.0000,-54.0000,top,0.00
R14,58.0000,-54.0000,top,0.00
R15,102.0000,-40.0000,top,270.00
R16,102.0000,-48.0000,top,270.00
R17,102.0000,-55.0000,top,270.00
R18,95.0000,-5.0000,top,0.00
U1,20.0000,-9.2200,top,0.00
U2,55.0000,-22.0000,top,180.00
U3,70.0000,-40.0000,top,180.00
U4,96.0000,-18.0000,top,270.00
