Comment,Designator,Footprint,LCSC Part #
"1uF","C1,C2,C8","1206","C1848"
"10uF","C4","1206","C13585"
"4.7uF","C5","1206","C29823"
"100nF","C6,C7,C9,C10,C11,C12,C13,C14","1206","C24497"
"PESD5V0S1BA 5V SOD-323","D1,D2,D3","SOD-323","C19224"
"600R@100MHz","FB1","0805","C113034"
"JST PH 2P S2B-PH-K-S","J1,J2,J10","S2B-PH-K","C173752"
"Screw 5.08 2P (emparejar web)","J3,J6,J7","Metz-5.08-2P",""
"JST PH 4P S4B-PH-K-S","J9","S4B-PH-K","C157926"
"47k 1%","R1,R2,R12,R15","1206","C25833"
"56k 0.1%","R3","1206","C4257433"
"10k 0.1%","R4","1206","C2507497"
"47","R5","1206","C17969"
"10k","R6","1206","C17902"
"2.2k","R7,R8","1206","C17948"
"100k","R9","1206","C17900"
"470","R10,R13,R16","1206","C4502"
"1k","R11,R14,R17,R18","1206","C4410"
"XIAO_ESP32S3","U1","XIAO-Socket-2.54",""
"ADP150AUJZ-3.3","U2","SOT-23-5","C29149"
"MCP6004","U3","SOIC-14","C1346056"
"ADS1115IDGS","U4","VSSOP-10","C37593"
